run,seed,status,m,SI,Eff,runtime_sec
1,1001,2,6,201.13594076312336,0.8376666666666667,0.045198917388916016
