run,seed,status,m,SI,Eff,runtime_sec
1,1001,2,13,234.26825517900497,0.7983846153846154,0.09887409210205078
