run,seed,status,m,SI,Eff,runtime_sec
1,1001,2,5,95.57614765201619,0.9354,0.04427599906921387
