run,seed,status,m,SI,Eff,runtime_sec
1,1001,2,3,9.814954576223638,0.9943333333333333,0.060175180435180664
