run,seed,status,m,SI,Eff,runtime_sec
1,1001,2,5,248.8208190646434,0.7892,0.8191139698028564
