run,seed,status,m,SI,Eff,runtime_sec
1,1001,2,11,214.39492022476142,0.8644545454545455,0.6199471950531006
