run,seed,status,m,SI,Eff,runtime_sec
1,1001,9,10,190.20541527517034,0.8547,20.006059169769287
