run,seed,status,m,SI,Eff,runtime_sec
1,1001,2,6,261.92078955287224,0.8401666666666666,0.03248190879821777
