run,seed,status,m,SI,Eff,runtime_sec
1,1001,2,13,268.4438058944123,0.7848461538461539,0.3460550308227539
