run,seed,status,m,SI,Eff,runtime_sec
1,1001,2,3,5.887840577551898,0.993,0.0543370246887207
