run,seed,status,m,SI,Eff,runtime_sec
1,1001,2,6,169.86072726403435,0.8563333333333333,0.03878021240234375
