run,seed,status,m,SI,Eff,runtime_sec
1,1001,9,7,189.03060976617365,0.8252857142857143,20.00440287590027
