run,seed,status,m,SI,Eff,runtime_sec
1,1001,2,12,207.35376373081183,0.8495833333333334,0.8802440166473389
