run,seed,status,m,SI,Eff,runtime_sec
1,1001,2,3,48.730551676198644,0.93,0.039092063903808594
