run,seed,status,m,SI,Eff,runtime_sec
1,1001,2,4,108.8278457013645,0.9165,0.04835391044616699
