run,seed,status,m,SI,Eff,runtime_sec
1,1001,2,3,6.928203230275509,0.987,0.07379508018493652
