run,seed,status,m,SI,Eff,runtime_sec
1,1001,2,12,233.26701438480325,0.7998333333333333,0.222243070602417
