run,seed,status,m,SI,Eff,runtime_sec
1,1001,2,6,295.52213679068666,0.825,9.026747941970825
