run,seed,status,m,SI,Eff,runtime_sec
1,1001,2,5,38.35622504887571,0.9526,0.08481407165527344
