run,seed,status,m,SI,Eff,runtime_sec
1,1001,2,5,244.11226925330894,0.8046,0.03836798667907715
