run,seed,status,m,SI,Eff,runtime_sec
1,1001,2,6,187.91975237673483,0.8818333333333334,0.04720926284790039
