run,seed,status,m,SI,Eff,runtime_sec
1,1001,2,5,65.35441836632012,0.9416,0.037310123443603516
