run,seed,status,m,SI,Eff,runtime_sec
1,1001,2,5,122.34704736935828,0.8462,0.052143096923828125
