run,seed,status,m,SI,Eff,runtime_sec
1,1001,2,11,207.03183769213328,0.8622727272727273,0.2809619903564453
