run,seed,status,m,SI,Eff,runtime_sec
1,1001,2,3,60.93712606722878,0.9223333333333333,0.06876707077026367
