run,seed,status,m,SI,Eff,runtime_sec
1,1001,2,4,29.236107812087436,0.95875,0.04925966262817383
