run,seed,status,m,SI,Eff,runtime_sec
1,1001,2,3,79.67642896950976,0.9376666666666666,0.03499484062194824
