run,seed,status,m,SI,Eff,runtime_sec
1,1001,2,12,212.05620324181356,0.8441666666666666,0.6438171863555908
