run,seed,status,m,SI,Eff,runtime_sec
1,1001,2,11,172.80756507009335,0.8687272727272727,0.7920877933502197
