run,seed,status,m,SI,Eff,runtime_sec
1,1001,2,3,17.55942292142123,0.9283333333333333,0.039823055267333984
