{
  "instance_n=20_261": {
    "aggregate": {
      "Smallest_m": 12,
      "SI_mean": 212.05620324181356,
      "Eff_mean": 0.8441666666666666,
      "mu_m": 12,
      "sigma_m": 0.0,
      "mu_runtime": 0.6438171863555908,
      "sigma_runtime": 0.0,
      "best_run": 1
    }
  },
  "instance_n=20_262": {
    "aggregate": {
      "Smallest_m": 11,
      "SI_mean": 172.80756507009335,
      "Eff_mean": 0.8687272727272727,
      "mu_m": 11,
      "sigma_m": 0.0,
      "mu_runtime": 0.7920877933502197,
      "sigma_runtime": 0.0,
      "best_run": 1
    }
  },
  "instance_n=20_114": {
    "aggregate": {
      "Smallest_m": 13,
      "SI_mean": 268.4438058944123,
      "Eff_mean": 0.7848461538461539,
      "mu_m": 13,
      "sigma_m": 0.0,
      "mu_runtime": 0.3460550308227539,
      "sigma_runtime": 0.0,
      "best_run": 1
    }
  },
  "instance_n=20_505": {
    "aggregate": {
      "Smallest_m": 6,
      "SI_mean": 187.91975237673483,
      "Eff_mean": 0.8818333333333334,
      "mu_m": 6,
      "sigma_m": 0.0,
      "mu_runtime": 0.04720926284790039,
      "sigma_runtime": 0.0,
      "best_run": 1
    }
  },
  "instance_n=20_288": {
    "aggregate": {
      "Smallest_m": 6,
      "SI_mean": 201.13594076312336,
      "Eff_mean": 0.8376666666666667,
      "mu_m": 6,
      "sigma_m": 0.0,
      "mu_runtime": 0.045198917388916016,
      "sigma_runtime": 0.0,
      "best_run": 1
    }
  },
  "instance_n=20_514": {
    "aggregate": {
      "Smallest_m": 5,
      "SI_mean": 248.8208190646434,
      "Eff_mean": 0.7892,
      "mu_m": 5,
      "sigma_m": 0.0,
      "mu_runtime": 0.8191139698028564,
      "sigma_runtime": 0.0,
      "best_run": 1
    }
  },
  "instance_n=20_270": {
    "aggregate": {
      "Smallest_m": 7,
      "SI_mean": 189.03060976617365,
      "Eff_mean": 0.8252857142857143,
      "mu_m": 7,
      "sigma_m": 0.0,
      "mu_runtime": 20.00440287590027,
      "sigma_runtime": 0.0,
      "best_run": 1
    }
  },
  "instance_n=20_271": {
    "aggregate": {
      "Smallest_m": 6,
      "SI_mean": 295.52213679068666,
      "Eff_mean": 0.825,
      "mu_m": 6,
      "sigma_m": 0.0,
      "mu_runtime": 9.026747941970825,
      "sigma_runtime": 0.0,
      "best_run": 1
    }
  },
  "instance_n=20_376": {
    "aggregate": {
      "Smallest_m": 3,
      "SI_mean": 79.67642896950976,
      "Eff_mean": 0.9376666666666666,
      "mu_m": 3,
      "sigma_m": 0.0,
      "mu_runtime": 0.03499484062194824,
      "sigma_runtime": 0.0,
      "best_run": 1
    }
  },
  "instance_n=20_404": {
    "aggregate": {
      "Smallest_m": 10,
      "SI_mean": 190.20541527517034,
      "Eff_mean": 0.8547,
      "mu_m": 10,
      "sigma_m": 0.0,
      "mu_runtime": 20.006059169769287,
      "sigma_runtime": 0.0,
      "best_run": 1
    }
  },
  "instance_n=20_370": {
    "aggregate": {
      "Smallest_m": 3,
      "SI_mean": 9.814954576223638,
      "Eff_mean": 0.9943333333333333,
      "mu_m": 3,
      "sigma_m": 0.0,
      "mu_runtime": 0.060175180435180664,
      "sigma_runtime": 0.0,
      "best_run": 1
    }
  },
  "instance_n=20_239": {
    "aggregate": {
      "Smallest_m": 3,
      "SI_mean": 17.55942292142123,
      "Eff_mean": 0.9283333333333333,
      "mu_m": 3,
      "sigma_m": 0.0,
      "mu_runtime": 0.039823055267333984,
      "sigma_runtime": 0.0,
      "best_run": 1
    }
  },
  "instance_n=20_373": {
    "aggregate": {
      "Smallest_m": 3,
      "SI_mean": 5.887840577551898,
      "Eff_mean": 0.993,
      "mu_m": 3,
      "sigma_m": 0.0,
      "mu_runtime": 0.0543370246887207,
      "sigma_runtime": 0.0,
      "best_run": 1
    }
  },
  "instance_n=20_380": {
    "aggregate": {
      "Smallest_m": 3,
      "SI_mean": 48.730551676198644,
      "Eff_mean": 0.93,
      "mu_m": 3,
      "sigma_m": 0.0,
      "mu_runtime": 0.039092063903808594,
      "sigma_runtime": 0.0,
      "best_run": 1
    }
  },
  "instance_n=20_140": {
    "aggregate": {
      "Smallest_m": 5,
      "SI_mean": 38.35622504887571,
      "Eff_mean": 0.9526,
      "mu_m": 5,
      "sigma_m": 0.0,
      "mu_runtime": 0.08481407165527344,
      "sigma_runtime": 0.0,
      "best_run": 1
    }
  },
  "instance_n=20_423": {
    "aggregate": {
      "Smallest_m": 6,
      "SI_mean": 169.86072726403435,
      "Eff_mean": 0.8563333333333333,
      "mu_m": 6,
      "sigma_m": 0.0,
      "mu_runtime": 0.03878021240234375,
      "sigma_runtime": 0.0,
      "best_run": 1
    }
  },
  "instance_n=20_422": {
    "aggregate": {
      "Smallest_m": 4,
      "SI_mean": 108.8278457013645,
      "Eff_mean": 0.9165,
      "mu_m": 4,
      "sigma_m": 0.0,
      "mu_runtime": 0.04835391044616699,
      "sigma_runtime": 0.0,
      "best_run": 1
    }
  },
  "instance_n=20_434": {
    "aggregate": {
      "Smallest_m": 5,
      "SI_mean": 65.35441836632012,
      "Eff_mean": 0.9416,
      "mu_m": 5,
      "sigma_m": 0.0,
      "mu_runtime": 0.037310123443603516,
      "sigma_runtime": 0.0,
      "best_run": 1
    }
  },
  "instance_n=20_390": {
    "aggregate": {
      "Smallest_m": 3,
      "SI_mean": 6.928203230275509,
      "Eff_mean": 0.987,
      "mu_m": 3,
      "sigma_m": 0.0,
      "mu_runtime": 0.07379508018493652,
      "sigma_runtime": 0.0,
      "best_run": 1
    }
  },
  "instance_n=20_254": {
    "aggregate": {
      "Smallest_m": 12,
      "SI_mean": 207.35376373081183,
      "Eff_mean": 0.8495833333333334,
      "mu_m": 12,
      "sigma_m": 0.0,
      "mu_runtime": 0.8802440166473389,
      "sigma_runtime": 0.0,
      "best_run": 1
    }
  },
  "instance_n=20_137": {
    "aggregate": {
      "Smallest_m": 5,
      "SI_mean": 95.57614765201619,
      "Eff_mean": 0.9354,
      "mu_m": 5,
      "sigma_m": 0.0,
      "mu_runtime": 0.04427599906921387,
      "sigma_runtime": 0.0,
      "best_run": 1
    }
  },
  "instance_n=20_135": {
    "aggregate": {
      "Smallest_m": 6,
      "SI_mean": 261.92078955287224,
      "Eff_mean": 0.8401666666666666,
      "mu_m": 6,
      "sigma_m": 0.0,
      "mu_runtime": 0.03248190879821777,
      "sigma_runtime": 0.0,
      "best_run": 1
    }
  },
  "instance_n=20_445": {
    "aggregate": {
      "Smallest_m": 3,
      "SI_mean": 60.93712606722878,
      "Eff_mean": 0.9223333333333333,
      "mu_m": 3,
      "sigma_m": 0.0,
      "mu_runtime": 0.06876707077026367,
      "sigma_runtime": 0.0,
      "best_run": 1
    }
  },
  "instance_n=20_487": {
    "aggregate": {
      "Smallest_m": 12,
      "SI_mean": 233.26701438480325,
      "Eff_mean": 0.7998333333333333,
      "mu_m": 12,
      "sigma_m": 0.0,
      "mu_runtime": 0.222243070602417,
      "sigma_runtime": 0.0,
      "best_run": 1
    }
  },
  "instance_n=20_252": {
    "aggregate": {
      "Smallest_m": 11,
      "SI_mean": 214.39492022476142,
      "Eff_mean": 0.8644545454545455,
      "mu_m": 11,
      "sigma_m": 0.0,
      "mu_runtime": 0.6199471950531006,
      "sigma_runtime": 0.0,
      "best_run": 1
    }
  },
  "instance_n=20_440": {
    "aggregate": {
      "Smallest_m": 5,
      "SI_mean": 244.11226925330894,
      "Eff_mean": 0.8046,
      "mu_m": 5,
      "sigma_m": 0.0,
      "mu_runtime": 0.03836798667907715,
      "sigma_runtime": 0.0,
      "best_run": 1
    }
  },
  "instance_n=20_125": {
    "aggregate": {
      "Smallest_m": 5,
      "SI_mean": 122.34704736935828,
      "Eff_mean": 0.8462,
      "mu_m": 5,
      "sigma_m": 0.0,
      "mu_runtime": 0.052143096923828125,
      "sigma_runtime": 0.0,
      "best_run": 1
    }
  },
  "instance_n=20_509": {
    "aggregate": {
      "Smallest_m": 4,
      "SI_mean": 29.236107812087436,
      "Eff_mean": 0.95875,
      "mu_m": 4,
      "sigma_m": 0.0,
      "mu_runtime": 0.04925966262817383,
      "sigma_runtime": 0.0,
      "best_run": 1
    }
  },
  "instance_n=20_247": {
    "aggregate": {
      "Smallest_m": 11,
      "SI_mean": 207.03183769213328,
      "Eff_mean": 0.8622727272727273,
      "mu_m": 11,
      "sigma_m": 0.0,
      "mu_runtime": 0.2809619903564453,
      "sigma_runtime": 0.0,
      "best_run": 1
    }
  },