run,seed,status,m,SI,Eff,runtime_sec
1,1001,2,15,21.275964529643932,0.9821333333333333,1.1135680675506592
