run,seed,status,m,SI,Eff,runtime_sec
1,1001,2,15,86.5744381057904,0.9456,1.0061521530151367
