run,seed,status,m,SI,Eff,runtime_sec
1,1001,2,24,58.3263091008966,0.9597916666666667,1.5086288452148438
