run,seed,status,m,SI,Eff,runtime_sec
1,1001,2,14,7.653197277702214,0.9948571428571429,2.8964948654174805
