run,seed,status,m,SI,Eff,runtime_sec
1,1001,9,53,114.74228711695696,0.9323207547169812,70.04004502296448
