run,seed,status,m,SI,Eff,runtime_sec
1,1001,2,15,34.564914773992044,0.9763333333333334,1.3561220169067383
