run,seed,status,m,SI,Eff,runtime_sec
1,1001,2,15,49.35179834615958,0.9658666666666667,1.061640977859497
