run,seed,status,m,SI,Eff,runtime_sec
1,1001,2,14,29.231831964486933,0.9770714285714286,1.1739251613616943
