run,seed,status,m,SI,Eff,runtime_sec
1,1001,9,54,117.52273223760837,0.938037037037037,70.05877709388733
