run,seed,status,m,SI,Eff,runtime_sec
1,1001,9,53,108.447187390131,0.9435094339622642,70.04283618927002
