run,seed,status,m,SI,Eff,runtime_sec
1,1001,2,14,37.49380901276522,0.9686428571428571,1.116469144821167
