run,seed,status,m,SI,Eff,runtime_sec
1,1001,2,14,9.7357955137582,0.9915,4.998013973236084
