run,seed,status,m,SI,Eff,runtime_sec
1,1001,2,23,29.523756094254733,0.9727391304347827,5.881678104400635
