run,seed,status,m,SI,Eff,runtime_sec
1,1001,2,21,62.53418112939362,0.9571428571428572,1.085684061050415
