run,seed,status,m,SI,Eff,runtime_sec
1,1001,2,15,63.85661020338197,0.9535333333333333,1.1854541301727295
