run,seed,status,m,SI,Eff,runtime_sec
1,1001,2,14,20.078417695198425,0.9855714285714285,1.2034649848937988
