run,seed,status,m,SI,Eff,runtime_sec
1,1001,2,14,25.48809245790781,0.9827857142857143,1.2249460220336914
