run,seed,status,m,SI,Eff,runtime_sec
1,1001,9,24,67.083281573479,0.9511666666666667,70.03404521942139
