run,seed,status,m,SI,Eff,runtime_sec
1,1001,2,23,15.826505011200837,0.9879565217391304,3.6716132164001465
