run,seed,status,m,SI,Eff,runtime_sec
1,1001,9,22,66.97828684798462,0.9530909090909091,70.04952216148376
