run,seed,status,m,SI,Eff,runtime_sec
1,1001,2,14,34.71002325389187,0.9783571428571428,1.140829086303711
