run,seed,status,m,SI,Eff,runtime_sec
1,1001,2,24,35.634720895965124,0.9728333333333333,2.2814431190490723
