run,seed,status,m,SI,Eff,runtime_sec
1,1001,2,25,63.387695966961914,0.96288,2.2128660678863525
