run,seed,status,m,SI,Eff,runtime_sec
1,1001,2,14,8.097618697581936,0.9937142857142857,1.7767720222473145
