run,seed,status,m,SI,Eff,runtime_sec
1,1001,2,14,46.299490895072026,0.9699285714285715,1.1278607845306396
