run,seed,status,m,SI,Eff,runtime_sec
1,1001,2,14,57.20014984995356,0.9507142857142857,0.9941267967224121
