run,seed,status,m,SI,Eff,runtime_sec
1,1001,2,21,54.99783545524228,0.9648571428571429,1.4214019775390625
