run,seed,status,m,SI,Eff,runtime_sec
1,1001,2,14,51.419840528729765,0.9618571428571429,1.145399808883667
