run,seed,status,m,SI,Eff,runtime_sec
1,1001,2,24,32.18501203976783,0.9770416666666667,3.16556715965271
