run,seed,status,m,SI,Eff,runtime_sec
1,1001,2,14,56.27673967609912,0.9589285714285715,1.1334099769592285
