run,seed,status,m,SI,Eff,runtime_sec
1,1001,2,7,131.03325641116567,0.9311428571428572,0.15622663497924805
