run,seed,status,m,SI,Eff,runtime_sec
1,1001,2,8,41.569219381653056,0.95975,0.22044610977172852
