run,seed,status,m,SI,Eff,runtime_sec
1,1001,2,8,140.07854939283175,0.916,0.1753849983215332
