run,seed,status,m,SI,Eff,runtime_sec
1,1001,2,28,166.25700844518664,0.8771785714285715,10.332625150680542
