run,seed,status,m,SI,Eff,runtime_sec
1,1001,2,11,138.25470565721673,0.9330909090909091,0.22163701057434082
