run,seed,status,m,SI,Eff,runtime_sec
1,1001,2,13,61.69403412124908,0.9506923076923077,0.2605729103088379
