run,seed,status,m,SI,Eff,runtime_sec
1,1001,2,7,115.84225727871747,0.9132857142857143,0.1979231834411621
