run,seed,status,m,SI,Eff,runtime_sec
1,1001,2,7,47.113843885999,0.9604285714285714,0.13361406326293945
