run,seed,status,m,SI,Eff,runtime_sec
1,1001,2,8,62.247489909232485,0.94975,0.19301390647888184
