run,seed,status,m,SI,Eff,runtime_sec
1,1001,2,7,80.88616339381804,0.942,0.22041797637939453
