run,seed,status,m,SI,Eff,runtime_sec
1,1001,2,7,41.26222762492869,0.9575714285714285,0.16492795944213867
