run,seed,status,m,SI,Eff,runtime_sec
1,1001,9,25,90.38982243593578,0.93256,50.00836515426636
