run,seed,status,m,SI,Eff,runtime_sec
1,1001,2,13,83.81160191396306,0.9383076923076923,0.2199099063873291
