run,seed,status,m,SI,Eff,runtime_sec
1,1001,2,8,95.3565676815184,0.936375,0.14510011672973633
