run,seed,status,m,SI,Eff,runtime_sec
1,1001,2,12,99.37471173962385,0.9345,0.2065119743347168
