run,seed,status,m,SI,Eff,runtime_sec
1,1001,2,12,80.53208470334458,0.9340833333333334,0.26325511932373047
