run,seed,status,m,SI,Eff,runtime_sec
1,1001,2,7,29.228166454393172,0.9751428571428571,0.15264320373535156
