run,seed,status,m,SI,Eff,runtime_sec
1,1001,2,12,54.656503120244835,0.9311666666666667,0.26538920402526855
