run,seed,status,m,SI,Eff,runtime_sec
1,1001,2,7,74.43021659821461,0.9455714285714286,0.19550395011901855
