run,seed,status,m,SI,Eff,runtime_sec
1,1001,2,7,64.57774937457727,0.9487142857142857,0.1701960563659668
