run,seed,status,m,SI,Eff,runtime_sec
1,1001,2,7,163.8732088275218,0.9124285714285715,0.20272517204284668
