run,seed,status,m,SI,Eff,runtime_sec
1,1001,2,10,6.54217089351845,0.9952,4.44357705116272
