run,seed,status,m,SI,Eff,runtime_sec
1,1001,2,25,50.30506932705689,0.95952,3.263751983642578
