run,seed,status,m,SI,Eff,runtime_sec
1,1001,2,12,22.018931248662668,0.9771666666666666,0.3268280029296875
