run,seed,status,m,SI,Eff,runtime_sec
1,1001,2,11,26.407643521594963,0.9758181818181818,0.29952216148376465
