run,seed,status,m,SI,Eff,runtime_sec
1,1001,2,8,100.66156168071306,0.9185,0.18489909172058105
