run,seed,status,m,SI,Eff,runtime_sec
1,1001,2,8,89.1592676057851,0.938875,0.2428569793701172
