run,seed,status,m,SI,Eff,runtime_sec
1,1001,2,11,77.14449252715794,0.9454545454545454,0.14694714546203613
