run,seed,status,m,SI,Eff,runtime_sec
1,1001,2,6,8.669871202426636,0.9931666666666666,0.25366902351379395
