run,seed,status,m,SI,Eff,runtime_sec
1,1001,2,7,136.79964494523682,0.9091428571428571,0.179976224899292
