{
  "instance_n=50_52": {
    "aggregate": {
      "Smallest_m": 11,
      "SI_mean": 77.14449252715794,
      "Eff_mean": 0.9454545454545454,
      "mu_m": 11,
      "sigma_m": 0.0,
      "mu_runtime": 0.14694714546203613,
      "sigma_runtime": 0.0,
      "best_run": 1
    }
  },
  "instance_n=50_172": {
    "aggregate": {
      "Smallest_m": 7,
      "SI_mean": 74.43021659821461,
      "Eff_mean": 0.9455714285714286,
      "mu_m": 7,
      "sigma_m": 0.0,
      "mu_runtime": 0.19550395011901855,
      "sigma_runtime": 0.0,
      "best_run": 1
    }
  },
  "instance_n=50_372": {
    "aggregate": {
      "Smallest_m": 10,
      "SI_mean": 6.54217089351845,
      "Eff_mean": 0.9952,
      "mu_m": 10,
      "sigma_m": 0.0,
      "mu_runtime": 4.44357705116272,
      "sigma_runtime": 0.0,
      "best_run": 1
    }
  },
  "instance_n=50_44": {
    "aggregate": {
      "Smallest_m": 25,
      "SI_mean": 90.38982243593578,
      "Eff_mean": 0.93256,
      "mu_m": 25,
      "sigma_m": 0.0,
      "mu_runtime": 50.00836515426636,
      "sigma_runtime": 0.0,
      "best_run": 1
    }
  },
  "instance_n=50_160": {
    "aggregate": {
      "Smallest_m": 8,
      "SI_mean": 89.1592676057851,
      "Eff_mean": 0.938875,
      "mu_m": 8,
      "sigma_m": 0.0,
      "mu_runtime": 0.2428569793701172,
      "sigma_runtime": 0.0,
      "best_run": 1
    }
  },
  "instance_n=50_57": {
    "aggregate": {
      "Smallest_m": 13,
      "SI_mean": 61.69403412124908,
      "Eff_mean": 0.9506923076923077,
      "mu_m": 13,
      "sigma_m": 0.0,
      "mu_runtime": 0.2605729103088379,
      "sigma_runtime": 0.0,
      "best_run": 1
    }
  },
  "instance_n=50_43": {
    "aggregate": {
      "Smallest_m": 25,
      "SI_mean": 50.30506932705689,
      "Eff_mean": 0.95952,
      "mu_m": 25,
      "sigma_m": 0.0,
      "mu_runtime": 3.263751983642578,
      "sigma_runtime": 0.0,
      "best_run": 1
    }
  },
  "instance_n=50_19": {
    "aggregate": {
      "Smallest_m": 8,
      "SI_mean": 41.569219381653056,
      "Eff_mean": 0.95975,
      "mu_m": 8,
      "sigma_m": 0.0,
      "mu_runtime": 0.22044610977172852,
      "sigma_runtime": 0.0,
      "best_run": 1
    }
  },
  "instance_n=50_31": {
    "aggregate": {
      "Smallest_m": 28,
      "SI_mean": 166.25700844518664,
      "Eff_mean": 0.8771785714285715,
      "mu_m": 28,
      "sigma_m": 0.0,
      "mu_runtime": 10.332625150680542,
      "sigma_runtime": 0.0,
      "best_run": 1
    }
  },
  "instance_n=50_3": {
    "aggregate": {
      "Smallest_m": 8,
      "SI_mean": 95.3565676815184,
      "Eff_mean": 0.936375,
      "mu_m": 8,
      "sigma_m": 0.0,
      "mu_runtime": 0.14510011672973633,
      "sigma_runtime": 0.0,
      "best_run": 1
    }
  },
  "instance_n=50_306": {
    "aggregate": {
      "Smallest_m": 7,
      "SI_mean": 115.84225727871747,
      "Eff_mean": 0.9132857142857143,
      "mu_m": 7,
      "sigma_m": 0.0,
      "mu_runtime": 0.1979231834411621,
      "sigma_runtime": 0.0,
      "best_run": 1
    }
  },
  "instance_n=50_24": {
    "aggregate": {
      "Smallest_m": 7,
      "SI_mean": 136.79964494523682,
      "Eff_mean": 0.9091428571428571,
      "mu_m": 7,
      "sigma_m": 0.0,
      "mu_runtime": 0.179976224899292,
      "sigma_runtime": 0.0,
      "best_run": 1
    }
  },
  "instance_n=50_4": {
    "aggregate": {
      "Smallest_m": 7,
      "SI_mean": 41.26222762492869,
      "Eff_mean": 0.9575714285714285,
      "mu_m": 7,
      "sigma_m": 0.0,
      "mu_runtime": 0.16492795944213867,
      "sigma_runtime": 0.0,
      "best_run": 1
    }
  },
  "instance_n=50_22": {
    "aggregate": {
      "Smallest_m": 7,
      "SI_mean": 29.228166454393172,
      "Eff_mean": 0.9751428571428571,
      "mu_m": 7,
      "sigma_m": 0.0,
      "mu_runtime": 0.15264320373535156,
      "sigma_runtime": 0.0,
      "best_run": 1
    }
  },
  "instance_n=50_20": {
    "aggregate": {
      "Smallest_m": 8,
      "SI_mean": 62.247489909232485,
      "Eff_mean": 0.94975,
      "mu_m": 8,
      "sigma_m": 0.0,
      "mu_runtime": 0.19301390647888184,
      "sigma_runtime": 0.0,
      "best_run": 1
    }
  },
  "instance_n=50_10": {
    "aggregate": {
      "Smallest_m": 7,
      "SI_mean": 64.57774937457727,
      "Eff_mean": 0.9487142857142857,
      "mu_m": 7,
      "sigma_m": 0.0,
      "mu_runtime": 0.1701960563659668,
      "sigma_runtime": 0.0,
      "best_run": 1
    }
  },
  "instance_n=50_318": {
    "aggregate": {
      "Smallest_m": 8,
      "SI_mean": 140.07854939283175,
      "Eff_mean": 0.916,
      "mu_m": 8,
      "sigma_m": 0.0,
      "mu_runtime": 0.1753849983215332,
      "sigma_runtime": 0.0,
      "best_run": 1
    }
  },
  "instance_n=50_324": {
    "aggregate": {
      "Smallest_m": 7,
      "SI_mean": 163.8732088275218,
      "Eff_mean": 0.9124285714285715,
      "mu_m": 7,
      "sigma_m": 0.0,
      "mu_runtime": 0.20272517204284668,
      "sigma_runtime": 0.0,
      "best_run": 1
    }
  },
  "instance_n=50_12": {
    "aggregate": {
      "Smallest_m": 6,
      "SI_mean": 8.669871202426636,
      "Eff_mean": 0.9931666666666666,
      "mu_m": 6,
      "sigma_m": 0.0,
      "mu_runtime": 0.25366902351379395,
      "sigma_runtime": 0.0,
      "best_run": 1
    }
  },
  "instance_n=50_16": {
    "aggregate": {
      "Smallest_m": 8,
      "SI_mean": 100.66156168071306,
      "Eff_mean": 0.9185,
      "mu_m": 8,
      "sigma_m": 0.0,
      "mu_runtime": 0.18489909172058105,
      "sigma_runtime": 0.0,
      "best_run": 1
    }
  },
  "instance_n=50_322": {
    "aggregate": {
      "Smallest_m": 7,
      "SI_mean": 131.03325641116567,
      "Eff_mean": 0.9311428571428572,
      "mu_m": 7,
      "sigma_m": 0.0,
      "mu_runtime": 0.15622663497924805,
      "sigma_runtime": 0.0,
      "best_run": 1
    }
  },
  "instance_n=50_14": {
    "aggregate": {
      "Smallest_m": 7,
      "SI_mean": 47.113843885999,
      "Eff_mean": 0.9604285714285714,
      "mu_m": 7,
      "sigma_m": 0.0,
      "mu_runtime": 0.13361406326293945,
      "sigma_runtime": 0.0,
      "best_run": 1
    }
  },
  "instance_n=50_152": {
    "aggregate": {
      "Smallest_m": 7,
      "SI_mean": 80.88616339381804,
      "Eff_mean": 0.942,
      "mu_m": 7,
      "sigma_m": 0.0,
      "mu_runtime": 0.22041797637939453,
      "sigma_runtime": 0.0,
      "best_run": 1
    }
  },
  "instance_n=50_72": {
    "aggregate": {
      "Smallest_m": 11,
      "SI_mean": 138.25470565721673,
      "Eff_mean": 0.9330909090909091,
      "mu_m": 11,
      "sigma_m": 0.0,
      "mu_runtime": 0.22163701057434082,
      "sigma_runtime": 0.0,
      "best_run": 1
    }
  },
  "instance_n=50_59": {
    "aggregate": {
      "Smallest_m": 11,
      "SI_mean": 26.407643521594963,
      "Eff_mean": 0.9758181818181818,
      "mu_m": 11,
      "sigma_m": 0.0,
      "mu_runtime": 0.29952216148376465,
      "sigma_runtime": 0.0,
      "best_run": 1
    }
  },
  "instance_n=50_61": {
    "aggregate": {
      "Smallest_m": 13,
      "SI_mean": 83.81160191396306,
      "Eff_mean": 0.9383076923076923,
      "mu_m": 13,
      "sigma_m": 0.0,
      "mu_runtime": 0.2199099063873291,
      "sigma_runtime": 0.0,
      "best_run": 1
    }
  },
  "instance_n=50_74": {
    "aggregate": {
      "Smallest_m": 12,
      "SI_mean": 80.53208470334458,
      "Eff_mean": 0.9340833333333334,
      "mu_m": 12,
      "sigma_m": 0.0,
      "mu_runtime": 0.26325511932373047,
      "sigma_runtime": 0.0,
      "best_run": 1
    }
  },
  "instance_n=50_368": {
    "aggregate": {
      "Smallest_m": 12,
      "SI_mean": 54.656503120244835,
      "Eff_mean": 0.9311666666666667,
      "mu_m": 12,
      "sigma_m": 0.0,
      "mu_runtime": 0.26538920402526855,
      "sigma_runtime": 0.0,
      "best_run": 1
    }
  },
  "instance_n=50_369": {
    "aggregate": {
      "Smallest_m": 12,
      "SI_mean": 22.018931248662668,
      "Eff_mean": 0.9771666666666666,
      "mu_m": 12,
      "sigma_m": 0.0,
      "mu_runtime": 0.3268280029296875,
      "sigma_runtime": 0.0,